wifi,time,p
1,2016-09-10-18-5,16.2
1,2016-09-10-19-0,19.7
1,2016-09-10-19-1,19.7
1,2016-09-10-19-2,20.5
1,2016-09-10-19-3,20.5
1,2016-09-10-19-4,24.8
1,2016-09-10-19-5,29.0
1,2016-09-10-20-0,26.1
1,2016-09-10-20-1,28.5
1,2016-09-10-20-2,30.0
1,2016-09-10-20-3,30.4
1,2016-09-10-20-4,40.5
1,2016-09-10-20-5,43.6
1,2016-09-10-21-0,43.3
1,2016-09-10-21-1,49.2
1,2016-09-10-21-2,49.9
1,2016-09-10-21-3,49.8
1,2016-09-10-21-4,48.6
1,2016-09-10-21-5,35.7
1,2016-09-10-22-0,27.9
1,2016-09-10-22-1,32.4
1,2016-09-10-22-2,29.6
1,2016-09-10-22-3,28.3
1,2016-09-10-22-4,23.4
1,2016-09-10-22-5,19.0
1,2016-09-10-23-0,16.3
1,2016-09-10-23-1,16.4
1,2016-09-10-23-2,16.5
1,2016-09-10-23-3,16.5
1,2016-09-10-23-4,17.7
1,2016-09-10-23-5,19.0
1,2016-09-11-00-0,19.2
1,2016-09-11-00-1,9.7
1,2016-09-11-00-2,3.7
1,2016-09-11-00-3,1.7
1,2016-09-11-00-4,1.9
1,2016-09-11-00-5,2.1
1,2016-09-11-01-0,1.5
1,2016-09-11-01-1,1.5
1,2016-09-11-01-2,0.5
1,2016-09-11-01-3,0.4
1,2016-09-11-01-4,0.5
1,2016-09-11-01-5,0.0
1,2016-09-11-02-0,0.0
1,2016-09-11-02-1,0.4
1,2016-09-11-02-2,0.0
1,2016-09-11-02-3,0.6
1,2016-09-11-02-4,0.0
1,2016-09-11-02-5,0.0
1,2016-09-11-03-0,0.0
1,2016-09-11-03-1,0.0
1,2016-09-11-03-2,0.0
1,2016-09-11-03-3,0.0
1,2016-09-11-03-4,0.0
1,2016-09-11-03-5,0.2
1,2016-09-11-04-0,0.1
1,2016-09-11-04-1,1.1
1,2016-09-11-04-2,0.0
1,2016-09-11-04-3,0.0
1,2016-09-11-04-4,0.0
1,2016-09-11-04-5,0.0
1,2016-09-11-05-0,0.9
1,2016-09-11-05-1,0.5
1,2016-09-11-05-2,1.1
1,2016-09-11-05-3,1.7
1,2016-09-11-05-4,2.4
1,2016-09-11-05-5,3.9
1,2016-09-11-06-0,5.2
1,2016-09-11-06-1,4.9
1,2016-09-11-06-2,6.8
1,2016-09-11-06-3,11.9
1,2016-09-11-06-4,16.4
1,2016-09-11-06-5,18.0
1,2016-09-11-07-0,20.0
1,2016-09-11-07-1,28.4
1,2016-09-11-07-2,31.8
1,2016-09-11-07-3,35.8
1,2016-09-11-07-4,37.3
1,2016-09-11-07-5,49.3
1,2016-09-11-08-0,45.9
1,2016-09-11-08-1,33.3
1,2016-09-11-08-2,35.1
1,2016-09-11-08-3,30.9
1,2016-09-11-08-4,26.8
1,2016-09-11-08-5,23.1
1,2016-09-11-09-0,23.5
1,2016-09-11-09-1,18.7
1,2016-09-11-09-2,12.4
1,2016-09-11-09-3,14.9
1,2016-09-11-09-4,17.0
1,2016-09-11-09-5,20.4
1,2016-09-11-10-0,18.5
1,2016-09-11-10-1,14.5
1,2016-09-11-10-2,22.8
1,2016-09-11-10-3,19.8
1,2016-09-11-10-4,14.9
1,2016-09-11-10-5,8.8
1,2016-09-11-11-0,5.5
1,2016-09-11-11-1,6.5
1,2016-09-11-11-2,4.2
1,2016-09-11-11-3,6.1
1,2016-09-11-11-4,7.1
1,2016-09-11-11-5,7.9
1,2016-09-11-12-0,10.8
1,2016-09-11-12-1,16.6
1,2016-09-11-12-2,18.5
1,2016-09-11-12-3,20.9
1,2016-09-11-12-4,28.6
1,2016-09-11-12-5,30.2
1,2016-09-11-13-0,29.9
1,2016-09-11-13-1,34.7
1,2016-09-11-13-2,34.1
1,2016-09-11-13-3,30.6
1,2016-09-11-13-4,29.9
1,2016-09-11-13-5,31.6
1,2016-09-11-14-0,32.4
1,2016-09-11-14-1,29.3
1,2016-09-11-14-2,19.9
1,2016-09-11-14-3,10.0
1,2016-09-11-14-4,3.6
1,2016-09-11-14-5,5.2
1,2016-09-11-15-0,3.2
1,2016-09-11-15-1,4.2
1,2016-09-11-15-2,6.6
1,2016-09-11-15-3,10.3
1,2016-09-11-15-4,10.7
1,2016-09-11-15-5,9.7
1,2016-09-11-16-0,5.7
1,2016-09-11-16-1,1.4
1,2016-09-11-16-2,3.1
1,2016-09-11-16-3,1.8
1,2016-09-11-16-4,3.5
1,2016-09-11-16-5,4.0
1,2016-09-11-17-0,3.3
1,2016-09-11-17-1,2.9
1,2016-09-11-17-2,5.0
1,2016-09-11-17-3,4.5
1,2016-09-11-17-4,4.3
1,2016-09-11-17-5,4.8
1,2016-09-11-18-0,5.3
1,2016-09-11-18-1,7.9
1,2016-09-11-18-2,9.0
1,2016-09-11-18-3,8.3
1,2016-09-11-18-4,10.5
1,2016-09-11-18-5,9.7
1,2016-09-11-19-0,7.4
1,2016-09-11-19-1,8.9
1,2016-09-11-19-2,14.2
1,2016-09-11-19-3,13.9
1,2016-09-11-19-4,9.0
1,2016-09-11-19-5,13.1
1,2016-09-11-20-0,18.6
1,2016-09-11-20-1,20.1
1,2016-09-11-20-2,24.0
1,2016-09-11-20-3,22.2
1,2016-09-11-20-4,24.7
1,2016-09-11-20-5,24.7
1,2016-09-11-21-0,26.1
1,2016-09-11-21-1,32.1
1,2016-09-11-21-2,24.7
1,2016-09-11-21-3,18.1
1,2016-09-11-21-4,11.8
1,2016-09-11-21-5,13.8
1,2016-09-11-22-0,19.4
1,2016-09-11-22-1,26.9
1,2016-09-11-22-2,26.2
1,2016-09-11-22-3,26.9
1,2016-09-11-22-4,23.4
1,2016-09-11-22-5,14.4
1,2016-09-11-23-0,17.0
1,2016-09-11-23-1,21.3
1,2016-09-11-23-2,17.7
1,2016-09-11-23-3,19.8
1,2016-09-11-23-4,12.7
1,2016-09-11-23-5,9.0
1,2016-09-12-00-0,10.3
1,2016-09-12-00-1,8.0
1,2016-09-12-00-2,7.7
1,2016-09-12-00-3,10.4
1,2016-09-12-00-4,11.2
1,2016-09-12-00-5,8.7
1,2016-09-12-01-0,3.7
1,2016-09-12-01-1,1.2
1,2016-09-12-01-2,1.1
1,2016-09-12-01-3,0.7
1,2016-09-12-01-4,1.0
1,2016-09-12-01-5,0.2
1,2016-09-12-02-0,0.1
1,2016-09-12-02-1,0.2
1,2016-09-12-02-2,0.0
1,2016-09-12-02-3,0.0
1,2016-09-12-02-4,0.0
1,2016-09-12-02-5,0.1
1,2016-09-12-03-0,0.1
1,2016-09-12-03-1,2.3
1,2016-09-12-03-2,1.0
1,2016-09-12-03-3,0.9
1,2016-09-12-03-4,0.3
1,2016-09-12-03-5,0.9
1,2016-09-12-04-0,0.3
1,2016-09-12-04-1,0.0
1,2016-09-12-04-2,0.0
1,2016-09-12-04-3,0.0
1,2016-09-12-04-4,0.0
1,2016-09-12-04-5,0.0
1,2016-09-12-05-0,0.0
1,2016-09-12-05-1,0.0
1,2016-09-12-05-2,0.1
1,2016-09-12-05-3,0.2
1,2016-09-12-05-4,1.0
1,2016-09-12-05-5,3.9
1,2016-09-12-06-0,3.5
1,2016-09-12-06-1,5.5
1,2016-09-12-06-2,10.0
1,2016-09-12-06-3,9.7
1,2016-09-12-06-4,13.1
1,2016-09-12-06-5,16.0
1,2016-09-12-07-0,20.4
1,2016-09-12-07-1,14.0
1,2016-09-12-07-2,10.5
1,2016-09-12-07-3,13.2
1,2016-09-12-07-4,14.4
1,2016-09-12-07-5,16.9
1,2016-09-12-08-0,12.7
1,2016-09-12-08-1,9.2
1,2016-09-12-08-2,9.4
1,2016-09-12-08-3,11.0
1,2016-09-12-08-4,15.4
1,2016-09-12-08-5,21.1
1,2016-09-12-09-0,15.2
1,2016-09-12-09-1,8.3
1,2016-09-12-09-2,4.7
1,2016-09-12-09-3,4.1
1,2016-09-12-09-4,5.2
1,2016-09-12-09-5,5.2
1,2016-09-12-10-0,7.4
1,2016-09-12-10-1,6.4
1,2016-09-12-10-2,6.7
1,2016-09-12-10-3,6.0
1,2016-09-12-10-4,6.9
1,2016-09-12-10-5,7.5
1,2016-09-12-11-0,8.5
1,2016-09-12-11-1,8.9
1,2016-09-12-11-2,12.0
1,2016-09-12-11-3,16.3
1,2016-09-12-11-4,17.8
1,2016-09-12-11-5,19.0
1,2016-09-12-12-0,16.5
1,2016-09-12-12-1,14.1
1,2016-09-12-12-2,12.1
1,2016-09-12-12-3,13.9
1,2016-09-12-12-4,14.6
1,2016-09-12-12-5,20.0
1,2016-09-12-13-0,25.0
1,2016-09-12-13-1,32.0
1,2016-09-12-13-2,23.2
1,2016-09-12-13-3,14.0
1,2016-09-12-13-4,13.9
1,2016-09-12-13-5,4.1
1,2016-09-12-14-0,2.7
1,2016-09-12-14-1,1.3
1,2016-09-12-14-2,2.5
1,2016-09-12-14-3,2.6
1,2016-09-12-14-4,2.2
1,2016-09-12-14-5,3.8
1,2016-09-12-15-0,4.2
1,2016-09-12-15-1,6.0
1,2016-09-12-15-2,3.9
1,2016-09-12-15-3,2.1
1,2016-09-12-15-4,3.2
1,2016-09-12-15-5,8.8
1,2016-09-12-16-0,9.7
1,2016-09-12-16-1,10.3
1,2016-09-12-16-2,11.4
1,2016-09-12-16-3,11.1
1,2016-09-12-16-4,11.3
1,2016-09-12-16-5,9.8
1,2016-09-12-17-0,11.3
1,2016-09-12-17-1,14.4
1,2016-09-12-17-2,10.2
1,2016-09-12-17-3,9.6
1,2016-09-12-17-4,19.4
1,2016-09-12-17-5,27.7
1,2016-09-12-18-0,28.8
1,2016-09-12-18-1,22.9
1,2016-09-12-18-2,12.4
1,2016-09-12-18-3,7.9
1,2016-09-12-18-4,3.5
1,2016-09-12-18-5,5.1
1,2016-09-12-19-0,6.5
1,2016-09-12-19-1,10.2
1,2016-09-12-19-2,10.9
1,2016-09-12-19-3,11.5
1,2016-09-12-19-4,11.4
1,2016-09-12-19-5,13.9
1,2016-09-12-20-0,11.3
1,2016-09-12-20-1,11.3
1,2016-09-12-20-2,18.4
1,2016-09-12-20-3,17.4
1,2016-09-12-20-4,17.6
1,2016-09-12-20-5,21.6
1,2016-09-12-21-0,27.0
1,2016-09-12-21-1,26.6
1,2016-09-12-21-2,24.0
1,2016-09-12-21-3,18.2
1,2016-09-12-21-4,27.3
1,2016-09-12-21-5,30.4
1,2016-09-12-22-0,25.7
1,2016-09-12-22-1,26.2
1,2016-09-12-22-2,24.0
1,2016-09-12-22-3,26.0
1,2016-09-12-22-4,26.4
1,2016-09-12-22-5,29.6
1,2016-09-12-23-0,32.3
1,2016-09-12-23-1,33.0
1,2016-09-12-23-2,7.4
1,2016-09-12-23-3,3.3
1,2016-09-12-23-4,2.0
1,2016-09-12-23-5,3.7
1,2016-09-13-00-0,2.4
1,2016-09-13-00-1,2.4
1,2016-09-13-00-2,3.7
1,2016-09-13-00-3,1.3
1,2016-09-13-00-4,2.3
1,2016-09-13-00-5,1.7
1,2016-09-13-01-0,2.0
1,2016-09-13-01-1,1.7
1,2016-09-13-01-2,1.1
1,2016-09-13-01-3,1.3
1,2016-09-13-01-4,1.0
1,2016-09-13-01-5,0.6
1,2016-09-13-02-0,0.7
1,2016-09-13-02-1,0.7
1,2016-09-13-02-2,0.8
1,2016-09-13-02-3,0.2
1,2016-09-13-02-4,0.5
1,2016-09-13-02-5,0.0
1,2016-09-13-03-0,0.0
1,2016-09-13-03-1,0.0
1,2016-09-13-03-2,0.0
1,2016-09-13-03-3,0.0
1,2016-09-13-03-4,0.0
1,2016-09-13-03-5,0.0
1,2016-09-13-04-0,0.0
1,2016-09-13-04-1,0.0
1,2016-09-13-04-2,0.1
1,2016-09-13-04-3,0.0
1,2016-09-13-04-4,0.0
1,2016-09-13-04-5,0.0
1,2016-09-13-05-0,0.0
1,2016-09-13-05-1,0.1
1,2016-09-13-05-2,0.8
1,2016-09-13-05-3,0.4
1,2016-09-13-05-4,2.4
1,2016-09-13-05-5,3.3
1,2016-09-13-06-0,5.8
1,2016-09-13-06-1,8.2
1,2016-09-13-06-2,11.0
1,2016-09-13-06-3,13.6
1,2016-09-13-06-4,15.5
1,2016-09-13-06-5,11.5
1,2016-09-13-07-0,15.1
1,2016-09-13-07-1,12.3
1,2016-09-13-07-2,16.6
1,2016-09-13-07-3,20.6
1,2016-09-13-07-4,24.4
1,2016-09-13-07-5,24.0
1,2016-09-13-08-0,17.8
1,2016-09-13-08-1,15.1
1,2016-09-13-08-2,16.3
1,2016-09-13-08-3,20.2
1,2016-09-13-08-4,22.9
1,2016-09-13-08-5,23.3
1,2016-09-13-09-0,14.9
1,2016-09-13-09-1,1.6
1,2016-09-13-09-2,1.0
1,2016-09-13-09-3,2.0
1,2016-09-13-09-4,2.6
1,2016-09-13-09-5,3.5
1,2016-09-13-10-0,3.9
1,2016-09-13-10-1,4.7
1,2016-09-13-10-2,3.9
1,2016-09-13-10-3,4.0
1,2016-09-13-10-4,4.4
1,2016-09-13-10-5,4.8
1,2016-09-13-11-0,4.5
1,2016-09-13-11-1,6.1
1,2016-09-13-11-2,6.6
1,2016-09-13-11-3,8.6
1,2016-09-13-11-4,10.6
1,2016-09-13-11-5,13.1
1,2016-09-13-12-0,14.8
1,2016-09-13-12-1,17.3
1,2016-09-13-12-2,21.1
1,2016-09-13-12-3,15.3
1,2016-09-13-12-4,19.5
1,2016-09-13-12-5,22.9
1,2016-09-13-13-0,24.2
1,2016-09-13-13-1,20.9
1,2016-09-13-13-2,17.7
1,2016-09-13-13-3,9.6
1,2016-09-13-13-4,10.7
1,2016-09-13-13-5,9.7
1,2016-09-13-14-0,9.0
1,2016-09-13-14-1,10.0
1,2016-09-13-14-2,11.1
1,2016-09-13-14-3,11.7
1,2016-09-13-14-4,14.2
1,2016-09-13-14-5,13.6
1,2016-09-13-15-0,16.4
1,2016-09-13-15-1,16.7
1,2016-09-13-15-2,20.2
1,2016-09-13-15-3,24.7
1,2016-09-13-15-4,27.4
1,2016-09-13-15-5,33.2
1,2016-09-13-16-0,30.0
1,2016-09-13-16-1,25.1
1,2016-09-13-16-2,20.0
1,2016-09-13-16-3,19.4
1,2016-09-13-16-4,19.2
1,2016-09-13-16-5,16.0
1,2016-09-13-17-0,10.9
1,2016-09-13-17-1,4.3
1,2016-09-13-17-2,4.7
1,2016-09-13-17-3,3.9
1,2016-09-13-17-4,4.1
1,2016-09-13-17-5,7.3
1,2016-09-13-18-0,8.1
1,2016-09-13-18-1,6.8
1,2016-09-13-18-2,9.2
1,2016-09-13-18-3,17.7
1,2016-09-13-18-4,20.6
1,2016-09-13-18-5,21.8
1,2016-09-13-19-0,19.0
1,2016-09-13-19-1,14.5
1,2016-09-13-19-2,16.0
1,2016-09-13-19-3,20.4
1,2016-09-13-19-4,24.3
1,2016-09-13-19-5,32.1
1,2016-09-13-20-0,36.9
1,2016-09-13-20-1,35.8
1,2016-09-13-20-2,40.5
1,2016-09-13-20-3,36.8
1,2016-09-13-20-4,34.0
1,2016-09-13-20-5,37.5
1,2016-09-13-21-0,45.6
1,2016-09-13-21-1,44.1
1,2016-09-13-21-2,45.2
1,2016-09-13-21-3,44.3
1,2016-09-13-21-4,35.9
1,2016-09-13-21-5,33.3
1,2016-09-13-22-0,33.7
1,2016-09-13-22-1,33.0
1,2016-09-13-22-2,25.4
1,2016-09-13-22-3,13.9
1,2016-09-13-22-4,14.0
1,2016-09-13-22-5,13.6
1,2016-09-13-23-0,18.2
1,2016-09-13-23-1,16.3
1,2016-09-13-23-2,17.0
1,2016-09-13-23-3,15.2
1,2016-09-13-23-4,12.7
1,2016-09-13-23-5,8.3
1,2016-09-14-00-0,4.3
1,2016-09-14-00-1,1.6
1,2016-09-14-00-2,1.8
1,2016-09-14-00-3,0.5
1,2016-09-14-00-4,0.3
1,2016-09-14-00-5,0.0
1,2016-09-14-01-0,1.4
1,2016-09-14-01-1,0.4
1,2016-09-14-01-2,0.4
1,2016-09-14-01-3,0.0
1,2016-09-14-01-4,1.0
1,2016-09-14-01-5,1.5
1,2016-09-14-02-0,1.1
1,2016-09-14-02-1,1.3
1,2016-09-14-02-2,0.2
1,2016-09-14-02-3,0.8
1,2016-09-14-02-4,1.4
1,2016-09-14-02-5,0.2
1,2016-09-14-03-0,0.1
1,2016-09-14-03-1,0.5
1,2016-09-14-03-2,0.4
1,2016-09-14-03-3,0.0
1,2016-09-14-03-4,0.0
1,2016-09-14-03-5,0.0
1,2016-09-14-04-0,0.0
1,2016-09-14-04-1,0.0
1,2016-09-14-04-2,0.0
1,2016-09-14-04-3,0.0
1,2016-09-14-04-4,0.1
1,2016-09-14-04-5,0.3
1,2016-09-14-05-0,0.0
1,2016-09-14-05-1,0.7
1,2016-09-14-05-2,1.5
1,2016-09-14-05-3,1.6
1,2016-09-14-05-4,2.2
1,2016-09-14-05-5,3.6
1,2016-09-14-06-0,2.2
1,2016-09-14-06-1,2.1
1,2016-09-14-06-2,0.7
1,2016-09-14-06-3,3.0
1,2016-09-14-06-4,6.4
1,2016-09-14-06-5,10.6
1,2016-09-14-07-0,13.2
1,2016-09-14-07-1,13.9
1,2016-09-14-07-2,15.0
1,2016-09-14-07-3,19.3
1,2016-09-14-07-4,20.9
1,2016-09-14-07-5,18.2
1,2016-09-14-08-0,15.9
1,2016-09-14-08-1,14.7
1,2016-09-14-08-2,19.0
1,2016-09-14-08-3,17.2
1,2016-09-14-08-4,15.8
1,2016-09-14-08-5,12.8
1,2016-09-14-09-0,3.2
1,2016-09-14-09-1,3.1
1,2016-09-14-09-2,5.0
1,2016-09-14-09-3,6.3
1,2016-09-14-09-4,11.0
1,2016-09-14-09-5,11.4
1,2016-09-14-10-0,12.0
1,2016-09-14-10-1,11.5
1,2016-09-14-10-2,13.7
1,2016-09-14-10-3,13.2
1,2016-09-14-10-4,16.5
1,2016-09-14-10-5,8.2
1,2016-09-14-11-0,3.2
1,2016-09-14-11-1,6.0
1,2016-09-14-11-2,9.9
1,2016-09-14-11-3,16.5
1,2016-09-14-11-4,16.6
1,2016-09-14-11-5,16.7
1,2016-09-14-12-0,14.2
1,2016-09-14-12-1,8.1
1,2016-09-14-12-2,8.7
1,2016-09-14-12-3,8.3
1,2016-09-14-12-4,8.0
1,2016-09-14-12-5,5.3
1,2016-09-14-13-0,6.4
1,2016-09-14-13-1,8.5
1,2016-09-14-13-2,11.9
1,2016-09-14-13-3,14.3
1,2016-09-14-13-4,10.7
1,2016-09-14-13-5,4.8
1,2016-09-14-14-0,3.9
1,2016-09-14-14-1,0.6
1,2016-09-14-14-2,1.0
1,2016-09-14-14-3,3.8
1,2016-09-14-14-4,1.9
1,2016-09-14-14-5,2.8
1,2016-09-14-15-0,3.5
1,2016-09-14-15-1,3.3
1,2016-09-14-15-2,3.5
1,2016-09-14-15-3,4.1
1,2016-09-14-15-4,5.4
1,2016-09-14-15-5,5.1
1,2016-09-14-16-0,8.7
1,2016-09-14-16-1,13.7
1,2016-09-14-16-2,13.5
1,2016-09-14-16-3,11.3
1,2016-09-14-16-4,6.0
1,2016-09-14-16-5,4.9
1,2016-09-14-17-0,6.3
1,2016-09-14-17-1,7.0
1,2016-09-14-17-2,6.6
1,2016-09-14-17-3,7.0
1,2016-09-14-17-4,7.3
1,2016-09-14-17-5,7.9
1,2016-09-14-18-0,6.0
1,2016-09-14-18-1,8.0
1,2016-09-14-18-2,7.0
1,2016-09-14-18-3,9.0
1,2016-09-14-18-4,8.9
1,2016-09-14-18-5,10.8
1,2016-09-14-19-0,10.6
1,2016-09-14-19-1,12.6
1,2016-09-14-19-2,13.5
1,2016-09-14-19-3,15.2
1,2016-09-14-19-4,14.6
1,2016-09-14-19-5,15.1
1,2016-09-14-20-0,15.5
1,2016-09-14-20-1,19.6
1,2016-09-14-20-2,19.3
1,2016-09-14-20-3,20.9
1,2016-09-14-20-4,21.9
1,2016-09-14-20-5,22.7
1,2016-09-14-21-0,29.4
1,2016-09-14-21-1,31.7
1,2016-09-14-21-2,22.7
1,2016-09-14-21-3,9.8
1,2016-09-14-21-4,9.2
1,2016-09-14-21-5,10.5
1,2016-09-14-22-0,12.0
1,2016-09-14-22-1,15.0
1,2016-09-14-22-2,20.9
1,2016-09-14-22-3,23.1
1,2016-09-14-22-4,26.6
1,2016-09-14-22-5,25.9
1,2016-09-14-23-0,23.7
1,2016-09-14-23-1,21.6
1,2016-09-14-23-2,11.7
1,2016-09-14-23-3,8.1
1,2016-09-14-23-4,5.1
1,2016-09-14-23-5,1.6
1,2016-09-15-00-0,1.4
1,2016-09-15-00-1,1.9
1,2016-09-15-00-2,1.5
1,2016-09-15-00-3,1.3
1,2016-09-15-00-4,1.0
1,2016-09-15-00-5,0.6
1,2016-09-15-01-0,0.0
1,2016-09-15-01-1,0.0
1,2016-09-15-01-2,0.3
1,2016-09-15-01-3,1.1
1,2016-09-15-01-4,0.5
1,2016-09-15-01-5,0.1
1,2016-09-15-02-0,0.1
1,2016-09-15-02-1,0.1
1,2016-09-15-02-2,0.1
1,2016-09-15-02-3,0.2
1,2016-09-15-02-4,0.0
1,2016-09-15-02-5,0.9
1,2016-09-15-03-0,0.9
1,2016-09-15-03-1,0.1
1,2016-09-15-03-2,0.1
1,2016-09-15-03-3,0.1
1,2016-09-15-03-4,0.0
1,2016-09-15-03-5,0.0
1,2016-09-15-04-0,0.0
1,2016-09-15-04-1,0.1
1,2016-09-15-04-2,0.0
1,2016-09-15-04-3,0.0
1,2016-09-15-04-4,0.0
1,2016-09-15-04-5,0.3
1,2016-09-15-05-0,0.0
1,2016-09-15-05-1,0.4
1,2016-09-15-05-2,0.4
1,2016-09-15-05-3,3.0
1,2016-09-15-05-4,8.2
1,2016-09-15-05-5,8.4
1,2016-09-15-06-0,11.1
1,2016-09-15-06-1,11.1
1,2016-09-15-06-2,14.8
1,2016-09-15-06-3,16.6
1,2016-09-15-06-4,17.1
1,2016-09-15-06-5,16.9
1,2016-09-15-07-0,20.7
1,2016-09-15-07-1,24.7
1,2016-09-15-07-2,30.6
1,2016-09-15-07-3,36.9
1,2016-09-15-07-4,36.4
1,2016-09-15-07-5,34.7
1,2016-09-15-08-0,31.7
1,2016-09-15-08-1,24.0
1,2016-09-15-08-2,14.5
1,2016-09-15-08-3,5.8
1,2016-09-15-08-4,2.5
1,2016-09-15-08-5,4.3
1,2016-09-15-09-0,5.2
1,2016-09-15-09-1,4.0
1,2016-09-15-09-2,0.7
1,2016-09-15-09-3,0.3
1,2016-09-15-09-4,0.9
1,2016-09-15-09-5,2.8
1,2016-09-15-10-0,2.7
1,2016-09-15-10-1,2.0
1,2016-09-15-10-2,3.1
1,2016-09-15-10-3,3.2
1,2016-09-15-10-4,2.6
1,2016-09-15-10-5,1.2
1,2016-09-15-11-0,1.8
1,2016-09-15-11-1,3.2
1,2016-09-15-11-2,3.6
1,2016-09-15-11-3,6.5
1,2016-09-15-11-4,6.7
1,2016-09-15-11-5,6.5
1,2016-09-15-12-0,11.3
1,2016-09-15-12-1,10.1
1,2016-09-15-12-2,15.0
1,2016-09-15-12-3,13.9
1,2016-09-15-12-4,15.4
1,2016-09-15-12-5,23.0
1,2016-09-15-13-0,24.1
1,2016-09-15-13-1,19.4
1,2016-09-15-13-2,20.5
1,2016-09-15-13-3,21.8
1,2016-09-15-13-4,25.3
1,2016-09-15-13-5,15.4
1,2016-09-15-14-0,7.5
1,2016-09-15-14-1,10.3
1,2016-09-15-14-2,4.4
1,2016-09-15-14-3,2.1
1,2016-09-15-14-4,4.1
1,2016-09-15-14-5,3.4
1,2016-09-15-15-0,1.7
1,2016-09-15-15-1,0.8
1,2016-09-15-15-2,1.1
1,2016-09-15-15-3,5.5
1,2016-09-15-15-4,6.9
1,2016-09-15-15-5,8.2
1,2016-09-15-16-0,4.7
1,2016-09-15-16-1,5.3
1,2016-09-15-16-2,7.4
1,2016-09-15-16-3,7.6
1,2016-09-15-16-4,8.0
1,2016-09-15-16-5,7.6
1,2016-09-15-17-0,7.0
1,2016-09-15-17-1,9.6
1,2016-09-15-17-2,12.8
1,2016-09-15-17-3,11.4
1,2016-09-15-17-4,15.8
1,2016-09-15-17-5,21.6
1,2016-09-15-18-0,26.0
1,2016-09-15-18-1,18.4
1,2016-09-15-18-2,13.6
1,2016-09-15-18-3,12.0
1,2016-09-15-18-4,5.2
1,2016-09-15-18-5,1.1
1,2016-09-15-19-0,3.0
1,2016-09-15-19-1,4.1
1,2016-09-15-19-2,2.8
1,2016-09-15-19-3,4.4
1,2016-09-15-19-4,5.6
1,2016-09-15-19-5,6.9
1,2016-09-15-20-0,6.9
1,2016-09-15-20-1,9.5
1,2016-09-15-20-2,13.7
1,2016-09-15-20-3,14.8
1,2016-09-15-20-4,13.3
1,2016-09-15-20-5,17.7
1,2016-09-15-21-0,18.7
1,2016-09-15-21-1,19.4
1,2016-09-15-21-2,22.4
1,2016-09-15-21-3,20.2
1,2016-09-15-21-4,30.5
1,2016-09-15-21-5,36.8
1,2016-09-15-22-0,35.3
1,2016-09-15-22-1,36.1
1,2016-09-15-22-2,39.2
1,2016-09-15-22-3,36.6
1,2016-09-15-22-4,45.4
1,2016-09-15-22-5,47.4
1,2016-09-15-23-0,40.2
1,2016-09-15-23-1,36.0
1,2016-09-15-23-2,33.8
1,2016-09-15-23-3,28.9
1,2016-09-15-23-4,25.3
1,2016-09-15-23-5,16.6
1,2016-09-16-00-0,11.4
1,2016-09-16-00-1,10.2
1,2016-09-16-00-2,8.4
1,2016-09-16-00-3,9.1
1,2016-09-16-00-4,9.0
1,2016-09-16-00-5,9.3
1,2016-09-16-01-0,6.4
1,2016-09-16-01-1,4.0
1,2016-09-16-01-2,2.4
1,2016-09-16-01-3,1.6
1,2016-09-16-01-4,0.2
1,2016-09-16-01-5,0.0
1,2016-09-16-02-0,0.0
1,2016-09-16-02-1,0.0
1,2016-09-16-02-2,0.4
1,2016-09-16-02-3,0.7
1,2016-09-16-02-4,0.0
1,2016-09-16-02-5,0.2
1,2016-09-16-03-0,0.2
1,2016-09-16-03-1,0.0
1,2016-09-16-03-2,0.0
1,2016-09-16-03-3,0.0
1,2016-09-16-03-4,0.7
1,2016-09-16-03-5,1.5
1,2016-09-16-04-0,3.9
1,2016-09-16-04-1,5.2
1,2016-09-16-04-2,4.3
1,2016-09-16-04-3,4.6
1,2016-09-16-04-4,5.0
1,2016-09-16-04-5,5.9
1,2016-09-16-05-0,6.3
1,2016-09-16-05-1,7.6
1,2016-09-16-05-2,6.1
1,2016-09-16-05-3,7.5
1,2016-09-16-05-4,6.8
1,2016-09-16-05-5,4.9
1,2016-09-16-06-0,4.0
1,2016-09-16-06-1,5.3
1,2016-09-16-06-2,5.3
1,2016-09-16-06-3,11.3
1,2016-09-16-06-4,8.1
1,2016-09-16-06-5,6.8
1,2016-09-16-07-0,7.3
1,2016-09-16-07-1,6.3
1,2016-09-16-07-2,14.6
1,2016-09-16-07-3,13.5
1,2016-09-16-07-4,22.2
1,2016-09-16-07-5,30.4
1,2016-09-16-08-0,35.2
1,2016-09-16-08-1,25.5
1,2016-09-16-08-2,17.9
1,2016-09-16-08-3,10.1
1,2016-09-16-08-4,5.5
1,2016-09-16-08-5,4.5
1,2016-09-16-09-0,3.7
1,2016-09-16-09-1,2.5
1,2016-09-16-09-2,1.6
1,2016-09-16-09-3,3.0
1,2016-09-16-09-4,4.0
1,2016-09-16-09-5,3.4
1,2016-09-16-10-0,4.0
1,2016-09-16-10-1,6.4
1,2016-09-16-10-2,5.7
1,2016-09-16-10-3,6.7
1,2016-09-16-10-4,8.0
1,2016-09-16-10-5,8.1
1,2016-09-16-11-0,11.6
1,2016-09-16-11-1,9.1
1,2016-09-16-11-2,9.5
1,2016-09-16-11-3,15.2
1,2016-09-16-11-4,18.7
1,2016-09-16-11-5,20.8
1,2016-09-16-12-0,21.0
1,2016-09-16-12-1,16.8
1,2016-09-16-12-2,17.9
1,2016-09-16-12-3,17.3
1,2016-09-16-12-4,18.8
1,2016-09-16-12-5,18.8
1,2016-09-16-13-0,25.1
1,2016-09-16-13-1,28.5
1,2016-09-16-13-2,28.7
1,2016-09-16-13-3,9.1
1,2016-09-16-13-4,4.7
1,2016-09-16-13-5,2.5
1,2016-09-16-14-0,4.3
1,2016-09-16-14-1,3.7
1,2016-09-16-14-2,4.3
1,2016-09-16-14-3,2.9
1,2016-09-16-14-4,3.8
1,2016-09-16-14-5,4.0
1,2016-09-16-15-0,7.0
1,2016-09-16-15-1,10.3
1,2016-09-16-15-2,15.1
1,2016-09-16-15-3,14.4
1,2016-09-16-15-4,14.7
1,2016-09-16-15-5,17.9
1,2016-09-16-16-0,15.9
1,2016-09-16-16-1,10.6
1,2016-09-16-16-2,7.0
1,2016-09-16-16-3,9.0
1,2016-09-16-16-4,7.4
1,2016-09-16-16-5,4.5
1,2016-09-16-17-0,5.9
1,2016-09-16-17-1,7.7
1,2016-09-16-17-2,7.7
1,2016-09-16-17-3,11.6
1,2016-09-16-17-4,13.9
1,2016-09-16-17-5,15.8
1,2016-09-16-18-0,19.5
1,2016-09-16-18-1,17.6
1,2016-09-16-18-2,10.7
1,2016-09-16-18-3,8.5
1,2016-09-16-18-4,4.3
1,2016-09-16-18-5,3.4
1,2016-09-16-19-0,4.5
1,2016-09-16-19-1,3.5
1,2016-09-16-19-2,5.1
1,2016-09-16-19-3,8.4
1,2016-09-16-19-4,7.4
1,2016-09-16-19-5,6.9
1,2016-09-16-20-0,11.8
1,2016-09-16-20-1,18.0
1,2016-09-16-20-2,18.8
1,2016-09-16-20-3,17.4
1,2016-09-16-20-4,20.4
1,2016-09-16-20-5,24.5
1,2016-09-16-21-0,25.1
1,2016-09-16-21-1,23.6
1,2016-09-16-21-2,22.3
1,2016-09-16-21-3,25.0
1,2016-09-16-21-4,23.7
1,2016-09-16-21-5,16.8
1,2016-09-16-22-0,19.1
1,2016-09-16-22-1,25.8
1,2016-09-16-22-2,28.3
1,2016-09-16-22-3,33.8
1,2016-09-16-22-4,37.2
1,2016-09-16-22-5,37.1
1,2016-09-16-23-0,40.7
1,2016-09-16-23-1,40.6
1,2016-09-16-23-2,40.5
1,2016-09-16-23-3,40.6
1,2016-09-16-23-4,27.3
1,2016-09-16-23-5,11.2
1,2016-09-17-00-0,6.0
1,2016-09-17-00-1,5.7
1,2016-09-17-00-2,3.1
1,2016-09-17-00-3,3.8
1,2016-09-17-00-4,7.1
1,2016-09-17-00-5,6.5
1,2016-09-17-01-0,3.2
1,2016-09-17-01-1,0.3
1,2016-09-17-01-2,0.6
1,2016-09-17-01-3,0.1
1,2016-09-17-01-4,0.0
1,2016-09-17-01-5,0.0
1,2016-09-17-02-0,0.5
1,2016-09-17-02-1,1.0
1,2016-09-17-02-2,1.4
1,2016-09-17-02-3,0.9
1,2016-09-17-02-4,0.0
1,2016-09-17-02-5,0.0
1,2016-09-17-03-0,0.0
1,2016-09-17-03-1,0.0
1,2016-09-17-03-2,0.6
1,2016-09-17-03-3,1.0
1,2016-09-17-03-4,1.0
1,2016-09-17-03-5,0.8
1,2016-09-17-04-0,0.0
1,2016-09-17-04-1,0.0
1,2016-09-17-04-2,0.0
1,2016-09-17-04-3,0.0
1,2016-09-17-04-4,0.0
1,2016-09-17-04-5,0.0
1,2016-09-17-05-0,0.0
1,2016-09-17-05-1,0.3
1,2016-09-17-05-2,0.0
1,2016-09-17-05-3,0.7
1,2016-09-17-05-4,0.2
1,2016-09-17-05-5,1.5
1,2016-09-17-06-0,3.8
1,2016-09-17-06-1,3.3
1,2016-09-17-06-2,4.3
1,2016-09-17-06-3,4.6
1,2016-09-17-06-4,6.1
1,2016-09-17-06-5,9.3
1,2016-09-17-07-0,9.7
1,2016-09-17-07-1,10.1
1,2016-09-17-07-2,16.2
1,2016-09-17-07-3,19.7
1,2016-09-17-07-4,19.0
1,2016-09-17-07-5,23.7
1,2016-09-17-08-0,22.3
1,2016-09-17-08-1,15.5
1,2016-09-17-08-2,9.1
1,2016-09-17-08-3,10.1
1,2016-09-17-08-4,7.7
1,2016-09-17-08-5,7.3
1,2016-09-17-09-0,9.5
1,2016-09-17-09-1,11.6
1,2016-09-17-09-2,5.5
1,2016-09-17-09-3,4.7
1,2016-09-17-09-4,5.8
1,2016-09-17-09-5,8.5
1,2016-09-17-10-0,13.2
1,2016-09-17-10-1,15.6
1,2016-09-17-10-2,15.1
1,2016-09-17-10-3,18.0
1,2016-09-17-10-4,17.0
1,2016-09-17-10-5,15.7
1,2016-09-17-11-0,15.2
1,2016-09-17-11-1,16.9
1,2016-09-17-11-2,17.5
1,2016-09-17-11-3,24.9
1,2016-09-17-11-4,29.9
1,2016-09-17-11-5,22.7
1,2016-09-17-12-0,18.0
1,2016-09-17-12-1,6.5
1,2016-09-17-12-2,5.0
1,2016-09-17-12-3,7.0
1,2016-09-17-12-4,15.5
1,2016-09-17-12-5,18.2
1,2016-09-17-13-0,24.6
1,2016-09-17-13-1,26.7
1,2016-09-17-13-2,24.4
1,2016-09-17-13-3,21.9
1,2016-09-17-13-4,17.2
1,2016-09-17-13-5,14.7
1,2016-09-17-14-0,7.3
1,2016-09-17-14-1,5.6
1,2016-09-17-14-2,3.6
1,2016-09-17-14-3,5.2
1,2016-09-17-14-4,5.1
1,2016-09-17-14-5,8.3
1,2016-09-17-15-0,12.1
1,2016-09-17-15-1,14.0
1,2016-09-17-15-2,17.8
1,2016-09-17-15-3,26.6
1,2016-09-17-15-4,28.7
1,2016-09-17-15-5,32.0
1,2016-09-17-16-0,34.2
1,2016-09-17-16-1,28.6
1,2016-09-17-16-2,20.7
1,2016-09-17-16-3,10.1
1,2016-09-17-16-4,11.7
1,2016-09-17-16-5,11.6
1,2016-09-17-17-0,12.9
1,2016-09-17-17-1,12.5
1,2016-09-17-17-2,13.3
1,2016-09-17-17-3,14.6
1,2016-09-17-17-4,21.9
1,2016-09-17-17-5,26.9
1,2016-09-17-18-0,33.9
1,2016-09-17-18-1,28.4
1,2016-09-17-18-2,19.7
1,2016-09-17-18-3,19.5
1,2016-09-17-18-4,23.2
1,2016-09-17-18-5,29.1
1,2016-09-17-19-0,33.0
1,2016-09-17-19-1,37.8
1,2016-09-17-19-2,40.1
1,2016-09-17-19-3,36.1
1,2016-09-17-19-4,26.2
1,2016-09-17-19-5,25.7
1,2016-09-17-20-0,31.6
1,2016-09-17-20-1,35.0
1,2016-09-17-20-2,38.8
1,2016-09-17-20-3,44.4
1,2016-09-17-20-4,63.8
1,2016-09-17-20-5,56.4
1,2016-09-17-21-0,30.9
1,2016-09-17-21-1,13.6
1,2016-09-17-21-2,12.7
1,2016-09-17-21-3,15.7
1,2016-09-17-21-4,24.5
1,2016-09-17-21-5,24.2
1,2016-09-17-22-0,32.3
1,2016-09-17-22-1,44.4
1,2016-09-17-22-2,42.4
1,2016-09-17-22-3,22.4
1,2016-09-17-22-4,18.2
1,2016-09-17-22-5,19.0
1,2016-09-17-23-0,17.2
1,2016-09-17-23-1,12.5
1,2016-09-17-23-2,9.5
1,2016-09-17-23-3,9.1
1,2016-09-17-23-4,9.9
1,2016-09-17-23-5,7.4
1,2016-09-18-00-0,5.5
1,2016-09-18-00-1,1.3
1,2016-09-18-00-2,1.4
1,2016-09-18-00-3,1.0
1,2016-09-18-00-4,0.2
1,2016-09-18-00-5,0.8
1,2016-09-18-01-0,1.2
1,2016-09-18-01-1,1.0
1,2016-09-18-01-2,0.0
1,2016-09-18-01-3,0.4
1,2016-09-18-01-4,0.8
1,2016-09-18-01-5,0.5
1,2016-09-18-02-0,0.1
1,2016-09-18-02-1,0.6
1,2016-09-18-02-2,0.0
1,2016-09-18-02-3,0.0
1,2016-09-18-02-4,0.0
1,2016-09-18-02-5,0.0
1,2016-09-18-03-0,0.0
1,2016-09-18-03-1,0.3
1,2016-09-18-03-2,0.0
1,2016-09-18-03-3,0.0
1,2016-09-18-03-4,0.0
1,2016-09-18-03-5,0.0
1,2016-09-18-04-0,0.4
1,2016-09-18-04-1,1.0
1,2016-09-18-04-2,1.0
1,2016-09-18-04-3,1.0
1,2016-09-18-04-4,1.1
1,2016-09-18-04-5,1.0
1,2016-09-18-05-0,0.7
1,2016-09-18-05-1,0.0
1,2016-09-18-05-2,0.6
1,2016-09-18-05-3,2.0
1,2016-09-18-05-4,6.1
1,2016-09-18-05-5,11.9
1,2016-09-18-06-0,10.9
1,2016-09-18-06-1,11.4
1,2016-09-18-06-2,14.9
1,2016-09-18-06-3,15.6
1,2016-09-18-06-4,23.2
1,2016-09-18-06-5,23.9
1,2016-09-18-07-0,19.0
1,2016-09-18-07-1,18.3
1,2016-09-18-07-2,21.1
1,2016-09-18-07-3,27.1
1,2016-09-18-07-4,30.3
1,2016-09-18-07-5,28.4
1,2016-09-18-08-0,23.0
1,2016-09-18-08-1,12.7
1,2016-09-18-08-2,15.1
1,2016-09-18-08-3,21.8
1,2016-09-18-08-4,26.2
1,2016-09-18-08-5,18.4
1,2016-09-18-09-0,14.8
1,2016-09-18-09-1,13.4
1,2016-09-18-09-2,12.9
1,2016-09-18-09-3,15.0
1,2016-09-18-09-4,17.3
1,2016-09-18-09-5,17.4
1,2016-09-18-10-0,20.6
1,2016-09-18-10-1,24.0
1,2016-09-18-10-2,30.0
1,2016-09-18-10-3,30.3
1,2016-09-18-10-4,26.7
1,2016-09-18-10-5,24.9
1,2016-09-18-11-0,27.9
1,2016-09-18-11-1,24.9
1,2016-09-18-11-2,31.1
1,2016-09-18-11-3,32.6
1,2016-09-18-11-4,25.8
1,2016-09-18-11-5,20.4
1,2016-09-18-12-0,13.6
1,2016-09-18-12-1,9.1
1,2016-09-18-12-2,10.9
1,2016-09-18-12-3,15.4
1,2016-09-18-12-4,19.1
1,2016-09-18-12-5,18.3
1,2016-09-18-13-0,24.5
1,2016-09-18-13-1,30.4
1,2016-09-18-13-2,24.3
1,2016-09-18-13-3,13.8
1,2016-09-18-13-4,8.2
1,2016-09-18-13-5,2.9
1,2016-09-18-14-0,1.1
1,2016-09-18-14-1,1.7
1,2016-09-18-14-2,1.1
1,2016-09-18-14-3,2.0
1,2016-09-18-14-4,3.7
1,2016-09-18-14-5,3.5
1,2016-09-18-15-0,6.0
1,2016-09-18-15-1,7.7
1,2016-09-18-15-2,9.4
1,2016-09-18-15-3,7.1
1,2016-09-18-15-4,12.4
1,2016-09-18-15-5,15.7
1,2016-09-18-16-0,16.3
1,2016-09-18-16-1,16.1
1,2016-09-18-16-2,11.2
1,2016-09-18-16-3,11.0
1,2016-09-18-16-4,12.1
1,2016-09-18-16-5,11.8
1,2016-09-18-17-0,12.0
1,2016-09-18-17-1,14.3
1,2016-09-18-17-2,16.8
1,2016-09-18-17-3,16.7
1,2016-09-18-17-4,16.6
1,2016-09-18-17-5,14.6
1,2016-09-18-18-0,17.5
1,2016-09-18-18-1,18.1
1,2016-09-18-18-2,9.0
1,2016-09-18-18-3,7.5
1,2016-09-18-18-4,5.8
1,2016-09-18-18-5,3.1
1,2016-09-18-19-0,3.9
1,2016-09-18-19-1,4.5
1,2016-09-18-19-2,2.6
1,2016-09-18-19-3,4.7
1,2016-09-18-19-4,5.1
1,2016-09-18-19-5,7.6
1,2016-09-18-20-0,8.6
1,2016-09-18-20-1,11.0
1,2016-09-18-20-2,12.6
1,2016-09-18-20-3,16.7
1,2016-09-18-20-4,19.6
1,2016-09-18-20-5,25.4
1,2016-09-18-21-0,26.3
1,2016-09-18-21-1,27.4
1,2016-09-18-21-2,18.6
1,2016-09-18-21-3,18.3
1,2016-09-18-21-4,17.7
1,2016-09-18-21-5,20.7
1,2016-09-18-22-0,23.8
1,2016-09-18-22-1,37.9
1,2016-09-18-22-2,45.3
1,2016-09-18-22-3,30.3
1,2016-09-18-22-4,22.4
1,2016-09-18-22-5,30.6
1,2016-09-18-23-0,30.1
1,2016-09-18-23-1,24.2
1,2016-09-18-23-2,20.1
1,2016-09-18-23-3,5.1
1,2016-09-18-23-4,1.0
1,2016-09-18-23-5,0.8
1,2016-09-19-00-0,0.7
1,2016-09-19-00-1,1.0
1,2016-09-19-00-2,1.1
1,2016-09-19-00-3,1.8
1,2016-09-19-00-4,0.5
1,2016-09-19-00-5,0.0
1,2016-09-19-01-0,0.1
1,2016-09-19-01-1,0.3
1,2016-09-19-01-2,0.5
1,2016-09-19-01-3,0.1
1,2016-09-19-01-4,0.3
1,2016-09-19-01-5,0.3
1,2016-09-19-02-0,0.4
1,2016-09-19-02-1,0.5
1,2016-09-19-02-2,1.1
1,2016-09-19-02-3,1.0
1,2016-09-19-02-4,1.1
1,2016-09-19-02-5,1.4
1,2016-09-19-03-0,1.6
1,2016-09-19-03-1,0.3
1,2016-09-19-03-2,0.1
1,2016-09-19-03-3,0.0
1,2016-09-19-03-4,0.0
1,2016-09-19-03-5,0.0
1,2016-09-19-04-0,0.6
1,2016-09-19-04-1,1.3
1,2016-09-19-04-2,0.1
1,2016-09-19-04-3,0.2
1,2016-09-19-04-4,0.0
1,2016-09-19-04-5,0.0
1,2016-09-19-05-0,0.1
1,2016-09-19-05-1,1.2
1,2016-09-19-05-2,1.8
1,2016-09-19-05-3,1.4
1,2016-09-19-05-4,2.9
1,2016-09-19-05-5,2.1
1,2016-09-19-06-0,6.0
1,2016-09-19-06-1,7.7
1,2016-09-19-06-2,13.6
1,2016-09-19-06-3,12.5
1,2016-09-19-06-4,15.4
1,2016-09-19-06-5,19.5
1,2016-09-19-07-0,15.8
1,2016-09-19-07-1,7.9
1,2016-09-19-07-2,8.7
1,2016-09-19-07-3,11.6
1,2016-09-19-07-4,12.8
1,2016-09-19-07-5,16.3
1,2016-09-19-08-0,13.4
1,2016-09-19-08-1,12.7
1,2016-09-19-08-2,9.2
1,2016-09-19-08-3,13.1
1,2016-09-19-08-4,15.8
1,2016-09-19-08-5,14.7
1,2016-09-19-09-0,22.7
1,2016-09-19-09-1,16.9
1,2016-09-19-09-2,15.1
1,2016-09-19-09-3,16.1
1,2016-09-19-09-4,17.7
1,2016-09-19-09-5,19.8
1,2016-09-19-10-0,22.8
1,2016-09-19-10-1,28.6
1,2016-09-19-10-2,33.1
1,2016-09-19-10-3,33.2
1,2016-09-19-10-4,28.2
1,2016-09-19-10-5,27.4
1,2016-09-19-11-0,27.9
1,2016-09-19-11-1,30.8
1,2016-09-19-11-2,33.7
1,2016-09-19-11-3,35.8
1,2016-09-19-11-4,38.0
1,2016-09-19-11-5,40.2
1,2016-09-19-12-0,32.1
1,2016-09-19-12-1,19.4
1,2016-09-19-12-2,13.9
1,2016-09-19-12-3,15.8
1,2016-09-19-12-4,23.4
1,2016-09-19-12-5,25.1
1,2016-09-19-13-0,23.5
1,2016-09-19-13-1,21.6
1,2016-09-19-13-2,24.6
1,2016-09-19-13-3,23.4
1,2016-09-19-13-4,24.4
1,2016-09-19-13-5,7.9
1,2016-09-19-14-0,3.8
1,2016-09-19-14-1,3.8
1,2016-09-19-14-2,3.2
1,2016-09-19-14-3,4.5
1,2016-09-19-14-4,4.5
1,2016-09-19-14-5,3.6
1,2016-09-19-15-0,3.4
1,2016-09-19-15-1,4.4
1,2016-09-19-15-2,4.8
1,2016-09-19-15-3,5.1
1,2016-09-19-15-4,3.3
1,2016-09-19-15-5,3.8
1,2016-09-19-16-0,2.3
1,2016-09-19-16-1,1.9
1,2016-09-19-16-2,3.8
1,2016-09-19-16-3,3.9
1,2016-09-19-16-4,4.9
1,2016-09-19-16-5,4.6
1,2016-09-19-17-0,5.7
1,2016-09-19-17-1,4.5
1,2016-09-19-17-2,3.1
1,2016-09-19-17-3,4.0
1,2016-09-19-17-4,5.9
1,2016-09-19-17-5,5.6
1,2016-09-19-18-0,6.8
1,2016-09-19-18-1,5.3
1,2016-09-19-18-2,6.2
1,2016-09-19-18-3,7.9
1,2016-09-19-18-4,6.7
1,2016-09-19-18-5,7.6
1,2016-09-19-19-0,12.0
1,2016-09-19-19-1,14.0
1,2016-09-19-19-2,11.0
1,2016-09-19-19-3,14.8
1,2016-09-19-19-4,14.9
1,2016-09-19-19-5,19.8
1,2016-09-19-20-0,25.7
1,2016-09-19-20-1,30.3
1,2016-09-19-20-2,30.6
1,2016-09-19-20-3,27.0
1,2016-09-19-20-4,28.8
1,2016-09-19-20-5,34.0
1,2016-09-19-21-0,31.8
1,2016-09-19-21-1,34.9
1,2016-09-19-21-2,34.5
1,2016-09-19-21-3,25.7
1,2016-09-19-21-4,24.2
1,2016-09-19-21-5,25.9
1,2016-09-19-22-0,22.3
1,2016-09-19-22-1,23.6
1,2016-09-19-22-2,30.0
1,2016-09-19-22-3,33.0
1,2016-09-19-22-4,34.4
1,2016-09-19-22-5,39.7
1,2016-09-19-23-0,46.0
1,2016-09-19-23-1,56.8
1,2016-09-19-23-2,54.0
1,2016-09-19-23-3,36.4
1,2016-09-19-23-4,28.3
1,2016-09-19-23-5,16.7
1,2016-09-20-00-0,7.8
1,2016-09-20-00-1,4.3
1,2016-09-20-00-2,0.6
1,2016-09-20-00-3,0.7
1,2016-09-20-00-4,1.0
1,2016-09-20-00-5,1.0
1,2016-09-20-01-0,0.7
1,2016-09-20-01-1,0.2
1,2016-09-20-01-2,0.1
1,2016-09-20-01-3,0.1
1,2016-09-20-01-4,0.0
1,2016-09-20-01-5,0.0
1,2016-09-20-02-0,0.0
1,2016-09-20-02-1,0.3
1,2016-09-20-02-2,0.6
1,2016-09-20-02-3,0.3
1,2016-09-20-02-4,0.0
1,2016-09-20-02-5,0.0
1,2016-09-20-03-0,0.0
1,2016-09-20-03-1,0.0
1,2016-09-20-03-2,0.0
1,2016-09-20-03-3,0.0
1,2016-09-20-03-4,0.0
1,2016-09-20-03-5,0.0
1,2016-09-20-04-0,0.0
1,2016-09-20-04-1,0.0
1,2016-09-20-04-2,0.0
1,2016-09-20-04-3,0.0
1,2016-09-20-04-4,0.0
1,2016-09-20-04-5,0.0
1,2016-09-20-05-0,0.8
1,2016-09-20-05-1,0.5
1,2016-09-20-05-2,0.1
1,2016-09-20-05-3,0.4
1,2016-09-20-05-4,3.8
1,2016-09-20-05-5,7.4
1,2016-09-20-06-0,6.0
1,2016-09-20-06-1,7.4
1,2016-09-20-06-2,7.0
1,2016-09-20-06-3,8.5
1,2016-09-20-06-4,10.8
1,2016-09-20-06-5,11.0
1,2016-09-20-07-0,11.2
1,2016-09-20-07-1,14.8
1,2016-09-20-07-2,20.3
1,2016-09-20-07-3,24.2
1,2016-09-20-07-4,28.0
1,2016-09-20-07-5,26.8
1,2016-09-20-08-0,21.5
1,2016-09-20-08-1,21.0
1,2016-09-20-08-2,24.5
1,2016-09-20-08-3,31.7
1,2016-09-20-08-4,26.3
1,2016-09-20-08-5,21.9
1,2016-09-20-09-0,14.3
1,2016-09-20-09-1,12.9
1,2016-09-20-09-2,6.2
1,2016-09-20-09-3,3.8
1,2016-09-20-09-4,6.0
1,2016-09-20-09-5,4.9
1,2016-09-20-10-0,9.6
1,2016-09-20-10-1,7.4
1,2016-09-20-10-2,4.4
1,2016-09-20-10-3,1.7
1,2016-09-20-10-4,2.8
1,2016-09-20-10-5,4.0
1,2016-09-20-11-0,5.8
1,2016-09-20-11-1,7.1
1,2016-09-20-11-2,8.9
1,2016-09-20-11-3,9.6
1,2016-09-20-11-4,12.2
1,2016-09-20-11-5,15.2
1,2016-09-20-12-0,19.4
1,2016-09-20-12-1,18.0
1,2016-09-20-12-2,21.5
1,2016-09-20-12-3,19.6
1,2016-09-20-12-4,22.3
1,2016-09-20-12-5,29.4
1,2016-09-20-13-0,38.8
1,2016-09-20-13-1,43.3
1,2016-09-20-13-2,58.0
1,2016-09-20-13-3,48.1
1,2016-09-20-13-4,32.0
1,2016-09-20-13-5,28.1
1,2016-09-20-14-0,13.7
1,2016-09-20-14-1,2.6
1,2016-09-20-14-2,1.0
1,2016-09-20-14-3,0.5
1,2016-09-20-14-4,1.9
1,2016-09-20-14-5,3.9
1,2016-09-20-15-0,5.0
1,2016-09-20-15-1,12.5
1,2016-09-20-15-2,18.7
1,2016-09-20-15-3,20.9
1,2016-09-20-15-4,20.3
1,2016-09-20-15-5,21.8
1,2016-09-20-16-0,21.5
1,2016-09-20-16-1,19.9
1,2016-09-20-16-2,19.3
1,2016-09-20-16-3,15.3
1,2016-09-20-16-4,4.9
1,2016-09-20-16-5,4.4
1,2016-09-20-17-0,3.4
1,2016-09-20-17-1,4.8
1,2016-09-20-17-2,2.3
1,2016-09-20-17-3,2.7
1,2016-09-20-17-4,3.2
1,2016-09-20-17-5,2.0
1,2016-09-20-18-0,5.1
1,2016-09-20-18-1,3.8
1,2016-09-20-18-2,3.8
1,2016-09-20-18-3,2.6
1,2016-09-20-18-4,2.7
1,2016-09-20-18-5,3.0
1,2016-09-20-19-0,3.8
1,2016-09-20-19-1,2.2
1,2016-09-20-19-2,3.3
1,2016-09-20-19-3,3.2
1,2016-09-20-19-4,5.7
1,2016-09-20-19-5,4.8
1,2016-09-20-20-0,3.6
1,2016-09-20-20-1,4.3
1,2016-09-20-20-2,7.5
1,2016-09-20-20-3,6.3
1,2016-09-20-20-4,11.3
1,2016-09-20-20-5,9.9
1,2016-09-20-21-0,11.0
1,2016-09-20-21-1,15.8
1,2016-09-20-21-2,16.6
1,2016-09-20-21-3,20.4
1,2016-09-20-21-4,24.1
1,2016-09-20-21-5,27.3
1,2016-09-20-22-0,26.3
1,2016-09-20-22-1,27.6
1,2016-09-20-22-2,30.5
1,2016-09-20-22-3,26.5
1,2016-09-20-22-4,23.4
1,2016-09-20-22-5,23.6
1,2016-09-20-23-0,23.1
1,2016-09-20-23-1,30.1
1,2016-09-20-23-2,28.4
1,2016-09-20-23-3,25.3
1,2016-09-20-23-4,17.1
1,2016-09-20-23-5,23.7
1,2016-09-21-00-0,29.6
1,2016-09-21-00-1,23.9
1,2016-09-21-00-2,14.1
1,2016-09-21-00-3,8.0
1,2016-09-21-00-4,5.2
1,2016-09-21-00-5,4.8
1,2016-09-21-01-0,5.8
1,2016-09-21-01-1,7.7
1,2016-09-21-01-2,9.3
1,2016-09-21-01-3,11.6
1,2016-09-21-01-4,14.2
1,2016-09-21-01-5,12.5
1,2016-09-21-02-0,9.6
1,2016-09-21-02-1,5.7
1,2016-09-21-02-2,1.7
1,2016-09-21-02-3,0.5
1,2016-09-21-02-4,0.8
1,2016-09-21-02-5,1.0
1,2016-09-21-03-0,1.0
1,2016-09-21-03-1,1.0
1,2016-09-21-03-2,1.0
1,2016-09-21-03-3,1.0
1,2016-09-21-03-4,1.0
1,2016-09-21-03-5,1.0
1,2016-09-21-04-0,1.0
1,2016-09-21-04-1,1.0
1,2016-09-21-04-2,1.0
1,2016-09-21-04-3,1.9
1,2016-09-21-04-4,0.9
1,2016-09-21-04-5,0.0
1,2016-09-21-05-0,1.5
1,2016-09-21-05-1,2.2
1,2016-09-21-05-2,1.9
1,2016-09-21-05-3,2.2
1,2016-09-21-05-4,2.6
1,2016-09-21-05-5,4.5
1,2016-09-21-06-0,5.9
1,2016-09-21-06-1,10.1
1,2016-09-21-06-2,15.166667
1,2016-09-21-06-3,15.0
1,2016-09-21-06-4,14.0
1,2016-09-21-06-5,8.5
1,2016-09-21-07-0,9.0
1,2016-09-21-07-1,7.0
1,2016-09-21-07-2,8.5
1,2016-09-21-07-3,14.0
1,2016-09-21-08-2,1.6
1,2016-09-21-08-3,1.7
1,2016-09-21-08-4,2.9
1,2016-09-21-08-5,3.6666667
1,2016-09-21-09-0,4.75
1,2016-09-21-09-1,3.3
1,2016-09-21-09-2,3.2
1,2016-09-21-09-3,4.6
1,2016-09-21-09-4,4.1
1,2016-09-21-09-5,5.3
1,2016-09-21-10-0,7.2
1,2016-09-21-10-1,9.7
1,2016-09-21-10-2,11.0
1,2016-09-21-10-3,6.9
1,2016-09-21-10-4,6.0
1,2016-09-21-10-5,7.3
1,2016-09-21-11-0,4.9
1,2016-09-21-11-1,5.0
1,2016-09-21-11-2,6.6
1,2016-09-21-11-3,10.3
1,2016-09-21-11-4,15.7
1,2016-09-21-11-5,16.6
1,2016-09-21-12-0,17.4
1,2016-09-21-12-1,18.7
1,2016-09-21-12-2,19.3
1,2016-09-21-12-3,21.1
1,2016-09-21-12-4,21.4
1,2016-09-21-12-5,23.0
1,2016-09-21-13-0,26.5
1,2016-09-21-13-1,26.1
1,2016-09-21-13-2,22.2
1,2016-09-21-13-3,19.6
1,2016-09-21-13-4,14.4
1,2016-09-21-13-5,8.1
1,2016-09-21-14-0,1.7
1,2016-09-21-14-1,2.1
1,2016-09-21-14-2,4.3
1,2016-09-21-14-3,5.2
1,2016-09-21-14-4,7.1
1,2016-09-21-14-5,8.3
1,2016-09-21-15-0,11.4
1,2016-09-21-15-1,13.0
1,2016-09-21-15-2,11.9
1,2016-09-21-15-3,5.6
1,2016-09-21-15-4,4.8
1,2016-09-21-15-5,6.9
1,2016-09-21-16-0,5.7
1,2016-09-21-16-1,6.6
1,2016-09-21-16-2,9.7
1,2016-09-21-16-3,14.2
1,2016-09-21-16-4,16.0
1,2016-09-21-16-5,15.7
1,2016-09-21-17-0,8.8
1,2016-09-21-17-1,7.0
1,2016-09-21-17-2,5.5
1,2016-09-21-17-3,4.9
1,2016-09-21-17-4,6.6
1,2016-09-21-17-5,12.7
1,2016-09-21-18-0,14.7
1,2016-09-21-18-1,19.7
1,2016-09-21-18-2,14.4
1,2016-09-21-18-3,7.8
1,2016-09-21-18-4,6.5
1,2016-09-21-18-5,9.1
1,2016-09-21-19-0,10.2
1,2016-09-21-19-1,11.6
1,2016-09-21-19-2,13.6
1,2016-09-21-19-3,20.3
1,2016-09-21-19-4,16.2
1,2016-09-21-19-5,20.1
1,2016-09-21-20-0,21.1
1,2016-09-21-20-1,26.9
1,2016-09-21-20-2,25.6
1,2016-09-21-20-3,19.6
1,2016-09-21-20-4,17.9
1,2016-09-21-20-5,25.0
1,2016-09-21-21-0,35.0
1,2016-09-21-21-1,37.5
1,2016-09-21-21-2,35.7
1,2016-09-21-21-3,28.9
1,2016-09-21-21-4,23.7
1,2016-09-21-21-5,22.9
1,2016-09-21-22-0,29.7
1,2016-09-21-22-1,32.2
1,2016-09-21-22-2,28.5
1,2016-09-21-22-3,31.0
1,2016-09-21-23-1,11.9
1,2016-09-21-23-2,10.6
1,2016-09-21-23-3,10.3
1,2016-09-21-23-4,6.9
1,2016-09-21-23-5,2.2
1,2016-09-22-00-0,0.6
1,2016-09-22-00-1,0.1
1,2016-09-22-00-2,0.2
1,2016-09-22-00-3,0.5714286
1,2016-09-22-00-4,0.6
1,2016-09-22-00-5,0.5
1,2016-09-22-01-0,0.8
1,2016-09-22-01-1,0.0
1,2016-09-22-01-2,0.1
1,2016-09-22-01-3,1.2
1,2016-09-22-01-4,2.3
1,2016-09-22-01-5,1.9
1,2016-09-22-02-0,1.0
1,2016-09-22-02-1,0.0
1,2016-09-22-02-2,1.1
1,2016-09-22-02-3,1.6
1,2016-09-22-02-4,1.0
1,2016-09-22-02-5,0.4
1,2016-09-22-03-0,0.0
1,2016-09-22-03-1,0.0
1,2016-09-22-03-2,0.0
1,2016-09-22-03-3,0.0
1,2016-09-22-03-4,0.0
1,2016-09-22-03-5,0.0
1,2016-09-22-04-0,0.0
1,2016-09-22-04-1,0.0
1,2016-09-22-04-2,0.0
1,2016-09-22-04-3,0.0
1,2016-09-22-04-4,0.0
1,2016-09-22-04-5,0.4
1,2016-09-22-05-0,0.2
1,2016-09-22-05-1,1.0
1,2016-09-22-05-2,1.0
1,2016-09-22-05-3,3.4
1,2016-09-22-05-4,3.8
1,2016-09-22-05-5,5.4
1,2016-09-22-06-0,10.6
1,2016-09-22-06-1,8.4
1,2016-09-22-06-2,7.1
1,2016-09-22-06-3,7.0
1,2016-09-22-06-4,5.9
1,2016-09-22-06-5,9.1
1,2016-09-22-07-0,15.1
1,2016-09-22-07-1,17.3
1,2016-09-22-07-2,21.1
1,2016-09-22-07-3,22.0
1,2016-09-22-07-4,29.0
1,2016-09-22-07-5,31.5
1,2016-09-22-08-0,23.7
1,2016-09-22-08-1,23.0
1,2016-09-22-08-2,24.8
1,2016-09-22-08-3,27.5
1,2016-09-22-08-4,33.2
1,2016-09-22-08-5,28.6
1,2016-09-22-09-0,19.0
1,2016-09-22-09-1,7.3
1,2016-09-22-09-2,2.6
1,2016-09-22-09-3,4.5
1,2016-09-22-09-4,6.4
1,2016-09-22-09-5,7.0
1,2016-09-22-10-0,7.4
1,2016-09-22-10-1,5.4
1,2016-09-22-10-2,6.1
1,2016-09-22-10-3,6.6
1,2016-09-22-10-4,8.1
1,2016-09-22-10-5,6.2
1,2016-09-22-11-0,6.9
1,2016-09-22-11-1,5.2
1,2016-09-22-11-2,5.2
1,2016-09-22-11-3,6.0
1,2016-09-22-11-4,5.6
1,2016-09-22-11-5,7.2
1,2016-09-22-12-0,9.5
1,2016-09-22-12-1,10.9
1,2016-09-22-12-2,13.6
1,2016-09-22-12-3,15.6
1,2016-09-22-12-4,17.9
1,2016-09-22-12-5,22.3
1,2016-09-22-13-0,21.6
1,2016-09-22-13-1,22.6
1,2016-09-22-13-2,30.0
1,2016-09-22-13-3,35.5
1,2016-09-22-13-4,32.0
1,2016-09-22-13-5,24.4
1,2016-09-22-14-0,10.9
1,2016-09-22-14-1,8.3
1,2016-09-22-14-2,5.9
1,2016-09-22-14-3,6.9
1,2016-09-22-14-4,5.6
1,2016-09-22-14-5,7.0
1,2016-09-22-15-0,5.5
1,2016-09-22-15-1,4.9
1,2016-09-22-15-2,2.9
1,2016-09-22-15-3,2.1
1,2016-09-22-15-4,5.7
1,2016-09-22-15-5,9.3
1,2016-09-22-16-0,9.1
1,2016-09-22-16-1,15.7
1,2016-09-22-16-2,14.1
1,2016-09-22-16-3,17.1
1,2016-09-22-16-4,19.4
1,2016-09-22-16-5,19.0
1,2016-09-22-17-0,19.0
1,2016-09-22-17-1,11.3
1,2016-09-22-17-2,4.9
1,2016-09-22-17-3,4.0
1,2016-09-22-17-4,6.4
1,2016-09-22-17-5,7.7
1,2016-09-22-18-0,5.0
1,2016-09-22-18-1,5.1
1,2016-09-22-18-2,3.0
1,2016-09-22-18-3,1.5
1,2016-09-22-18-4,2.6
1,2016-09-22-18-5,3.6
1,2016-09-22-19-0,7.1
1,2016-09-22-19-1,6.8
1,2016-09-22-19-2,6.4
1,2016-09-22-19-3,7.9
1,2016-09-22-19-4,12.5
1,2016-09-22-19-5,19.8
1,2016-09-22-20-0,28.5
1,2016-09-22-20-1,35.3
1,2016-09-22-20-2,36.5
1,2016-09-22-20-3,36.8
1,2016-09-22-20-4,28.3
1,2016-09-22-20-5,28.1
1,2016-09-22-21-0,22.9
1,2016-09-22-21-1,21.2
1,2016-09-22-21-2,30.4
1,2016-09-22-21-3,34.6
1,2016-09-22-21-4,39.7
1,2016-09-22-21-5,48.0
1,2016-09-22-22-0,53.0
1,2016-09-22-22-1,63.1
1,2016-09-22-22-2,64.3
1,2016-09-22-22-3,66.2
1,2016-09-22-22-4,52.2
1,2016-09-22-22-5,30.3
1,2016-09-22-23-0,27.8
1,2016-09-22-23-1,25.4
1,2016-09-22-23-2,13.3
1,2016-09-22-23-3,12.1
1,2016-09-22-23-4,20.5
1,2016-09-22-23-5,28.9
1,2016-09-23-00-0,29.0
1,2016-09-23-00-1,20.0
1,2016-09-23-00-2,14.1
1,2016-09-23-00-3,8.7
1,2016-09-23-00-4,7.4
1,2016-09-23-00-5,5.6
1,2016-09-23-01-0,3.2
1,2016-09-23-01-1,3.0
1,2016-09-23-01-2,1.1
1,2016-09-23-01-3,1.3
1,2016-09-23-01-4,1.0
1,2016-09-23-01-5,1.0
1,2016-09-23-02-0,1.1
1,2016-09-23-02-1,0.5
1,2016-09-23-02-2,1.1
1,2016-09-23-02-3,1.2
1,2016-09-23-02-4,1.8
1,2016-09-23-02-5,1.5
1,2016-09-23-03-0,1.5
1,2016-09-23-03-1,2.0
1,2016-09-23-03-2,2.5
1,2016-09-23-03-3,2.0
1,2016-09-23-03-4,1.6
1,2016-09-23-03-5,1.1
1,2016-09-23-04-0,0.9
1,2016-09-23-04-1,0.0
1,2016-09-23-04-2,0.0
1,2016-09-23-04-3,2.3
1,2016-09-23-04-4,2.7
1,2016-09-23-04-5,6.4
1,2016-09-23-05-0,8.4
1,2016-09-23-05-1,3.0
1,2016-09-23-05-2,3.1
1,2016-09-23-05-3,1.7
1,2016-09-23-05-4,1.6
1,2016-09-23-05-5,3.5
1,2016-09-23-06-0,6.9
1,2016-09-23-06-1,7.5
1,2016-09-23-06-2,11.8
1,2016-09-23-06-3,18.0
1,2016-09-23-06-4,20.3
1,2016-09-23-06-5,18.2
1,2016-09-23-07-0,18.8
1,2016-09-23-07-1,14.8
1,2016-09-23-07-2,14.7
1,2016-09-23-07-3,15.5
1,2016-09-23-07-4,15.9
1,2016-09-23-07-5,21.5
1,2016-09-23-08-0,26.5
1,2016-09-23-08-1,27.2
1,2016-09-23-08-2,19.9
1,2016-09-23-08-3,22.2
1,2016-09-23-08-4,24.1
1,2016-09-23-08-5,15.3
1,2016-09-23-09-0,6.1
1,2016-09-23-09-1,1.5
1,2016-09-23-09-2,0.8
1,2016-09-23-09-3,2.6
1,2016-09-23-09-4,4.9
1,2016-09-23-09-5,5.1
1,2016-09-23-10-0,7.1
1,2016-09-23-10-1,6.4
1,2016-09-23-10-2,4.2
1,2016-09-23-10-3,1.3
1,2016-09-23-10-4,1.5
1,2016-09-23-10-5,5.1
1,2016-09-23-11-0,9.7
1,2016-09-23-11-1,15.0
1,2016-09-23-11-2,12.9
1,2016-09-23-11-3,14.5
1,2016-09-23-11-4,17.6
1,2016-09-23-11-5,21.1
1,2016-09-23-12-0,19.1
1,2016-09-23-12-1,17.8
1,2016-09-23-12-2,19.4
1,2016-09-23-12-3,23.8
1,2016-09-23-12-4,22.7
1,2016-09-23-12-5,16.4
1,2016-09-23-13-0,21.3
1,2016-09-23-13-1,25.0
1,2016-09-23-13-2,22.7
1,2016-09-23-13-3,21.5
1,2016-09-23-13-4,15.0
1,2016-09-23-13-5,9.6
1,2016-09-23-14-0,3.7
1,2016-09-23-14-1,2.1
1,2016-09-23-14-2,4.5
1,2016-09-23-14-3,5.9
1,2016-09-23-14-4,7.9
1,2016-09-23-14-5,11.0
1,2016-09-23-15-0,11.3
1,2016-09-23-15-1,13.4
1,2016-09-23-15-2,17.4
1,2016-09-23-15-3,17.9
1,2016-09-23-15-4,20.9
1,2016-09-23-15-5,17.2
1,2016-09-23-16-0,16.6
1,2016-09-23-16-1,18.0
1,2016-09-23-16-2,22.0
1,2016-09-23-16-3,27.8
1,2016-09-23-16-4,14.9
1,2016-09-23-16-5,3.0
1,2016-09-23-17-0,3.3
1,2016-09-23-17-1,5.1
1,2016-09-23-17-2,6.3
1,2016-09-23-17-3,7.2
1,2016-09-23-17-4,9.4
1,2016-09-23-17-5,12.2
1,2016-09-23-18-0,14.2
1,2016-09-23-18-1,12.7
1,2016-09-23-18-2,10.0
1,2016-09-23-18-3,6.6
1,2016-09-23-18-4,5.1
1,2016-09-23-18-5,8.3
1,2016-09-23-19-0,12.8
1,2016-09-23-19-1,18.1
1,2016-09-23-19-2,17.7
1,2016-09-23-19-3,21.7
1,2016-09-23-19-4,25.8
1,2016-09-23-19-5,26.2
1,2016-09-23-20-0,26.6
1,2016-09-23-20-1,27.2
1,2016-09-23-20-2,32.0
1,2016-09-23-20-3,34.2
1,2016-09-23-20-4,32.2
1,2016-09-23-20-5,21.3
1,2016-09-23-21-0,25.3
1,2016-09-23-21-1,27.0
1,2016-09-23-21-2,33.4
1,2016-09-23-21-3,34.5
1,2016-09-23-21-4,35.4
1,2016-09-23-21-5,26.4
1,2016-09-23-22-0,15.6
1,2016-09-23-22-1,9.7
1,2016-09-23-22-2,9.0
1,2016-09-23-22-3,13.1
1,2016-09-23-22-4,22.0
1,2016-09-23-22-5,23.7
1,2016-09-23-23-0,25.0
1,2016-09-23-23-1,28.5
1,2016-09-23-23-2,24.7
1,2016-09-23-23-3,21.2
1,2016-09-23-23-4,17.1
1,2016-09-23-23-5,3.0
1,2016-09-24-00-0,0.8
1,2016-09-24-00-1,0.4
1,2016-09-24-00-2,0.1
1,2016-09-24-00-3,0.0
1,2016-09-24-00-4,0.1
1,2016-09-24-00-5,0.1
1,2016-09-24-01-0,0.2
1,2016-09-24-01-1,0.0
1,2016-09-24-01-2,0.0
1,2016-09-24-01-3,0.1
1,2016-09-24-01-4,0.2
1,2016-09-24-01-5,0.9
1,2016-09-24-02-0,1.5
1,2016-09-24-02-1,2.3
1,2016-09-24-02-2,2.0
1,2016-09-24-02-3,0.7
1,2016-09-24-02-4,1.9
1,2016-09-24-02-5,2.0
1,2016-09-24-03-0,2.0
1,2016-09-24-03-1,1.4
1,2016-09-24-03-2,1.1
1,2016-09-24-03-3,1.0
1,2016-09-24-03-4,1.0
1,2016-09-24-03-5,1.0
1,2016-09-24-04-0,1.0
1,2016-09-24-04-1,1.0
1,2016-09-24-04-2,1.0
1,2016-09-24-04-3,1.0
1,2016-09-24-04-4,1.0
1,2016-09-24-04-5,2.0
1,2016-09-24-05-0,2.9
1,2016-09-24-05-1,5.6
1,2016-09-24-05-2,7.2
1,2016-09-24-05-3,4.5
1,2016-09-24-05-4,4.9
1,2016-09-24-05-5,6.8
1,2016-09-24-06-0,8.8
1,2016-09-24-06-1,9.8
1,2016-09-24-06-2,9.8
1,2016-09-24-06-3,8.8
1,2016-09-24-06-4,11.7
1,2016-09-24-06-5,9.5
1,2016-09-24-07-0,10.5
1,2016-09-24-07-1,16.2
1,2016-09-24-07-2,19.1
1,2016-09-24-07-3,22.7
1,2016-09-24-07-4,21.3
1,2016-09-24-07-5,23.3
1,2016-09-24-08-0,20.9
1,2016-09-24-08-1,21.8
1,2016-09-24-08-2,13.8
1,2016-09-24-08-3,13.2
1,2016-09-24-08-4,24.7
1,2016-09-24-08-5,24.7
1,2016-09-24-09-0,20.4
1,2016-09-24-09-1,16.4
1,2016-09-24-09-2,8.7
1,2016-09-24-09-3,6.3
1,2016-09-24-09-4,9.2
1,2016-09-24-09-5,13.5
1,2016-09-24-10-0,17.4
1,2016-09-24-10-1,18.8
1,2016-09-24-10-2,18.6
1,2016-09-24-10-3,10.3
1,2016-09-24-10-4,7.1
1,2016-09-24-10-5,8.6
1,2016-09-24-11-0,7.5
1,2016-09-24-11-1,5.5
1,2016-09-24-11-2,7.0
1,2016-09-24-11-3,9.2
1,2016-09-24-11-4,9.6
1,2016-09-24-11-5,6.9
1,2016-09-24-12-0,7.6
1,2016-09-24-12-1,7.2
1,2016-09-24-12-2,10.4
1,2016-09-24-12-3,16.0
1,2016-09-24-12-4,20.3
1,2016-09-24-12-5,23.5
1,2016-09-24-13-0,37.0
1,2016-09-24-13-1,43.4
1,2016-09-24-13-2,39.7
1,2016-09-24-13-3,34.4
1,2016-09-24-13-4,34.5
1,2016-09-24-13-5,28.1
1,2016-09-24-14-0,29.1
1,2016-09-24-14-1,25.7
1,2016-09-24-14-2,28.4
1,2016-09-24-14-3,28.7
1,2016-09-24-14-4,15.6
1,2016-09-24-14-5,1.5
1,2016-09-24-15-0,0.4
1,2016-09-24-15-1,1.8
1,2016-09-24-15-2,2.3
1,2016-09-24-15-3,1.6
1,2016-09-24-15-4,4.6
1,2016-09-24-15-5,7.3
1,2016-09-24-16-0,8.0
1,2016-09-24-16-1,5.1
1,2016-09-24-16-2,11.0
1,2016-09-24-16-3,12.2
1,2016-09-24-16-4,13.0
1,2016-09-24-16-5,13.1
1,2016-09-24-17-0,10.8
1,2016-09-24-17-1,13.7
1,2016-09-24-17-2,15.0
1,2016-09-24-17-3,15.9
1,2016-09-24-17-4,18.4
1,2016-09-24-17-5,24.5
1,2016-09-24-18-0,27.7
1,2016-09-24-18-1,30.4
1,2016-09-24-18-2,30.7
1,2016-09-24-18-3,18.9
1,2016-09-24-18-4,11.1
1,2016-09-24-18-5,6.7
1,2016-09-24-19-0,6.4
1,2016-09-24-19-1,6.9
1,2016-09-24-19-2,6.1
1,2016-09-24-19-3,13.6
1,2016-09-24-19-4,18.4
1,2016-09-24-19-5,18.7
1,2016-09-24-20-0,23.8
1,2016-09-24-20-1,24.3
1,2016-09-24-20-2,24.5
1,2016-09-24-20-3,25.8
1,2016-09-24-20-4,25.6
1,2016-09-24-20-5,17.8
1,2016-09-24-21-0,16.7
1,2016-09-24-21-1,17.9
1,2016-09-24-21-2,20.0
1,2016-09-24-21-3,22.6
1,2016-09-24-21-4,25.6
1,2016-09-24-21-5,31.2
1,2016-09-24-22-0,31.2
1,2016-09-24-22-1,25.9
1,2016-09-24-22-2,25.8
1,2016-09-24-22-3,16.8
1,2016-09-24-22-4,13.0
1,2016-09-24-22-5,10.0
1,2016-09-24-23-0,18.5
1,2016-09-24-23-1,16.9
1,2016-09-24-23-2,15.3
1,2016-09-24-23-3,12.0
1,2016-09-24-23-4,10.2
1,2016-09-24-23-5,8.2
1,2016-09-25-00-0,4.3
1,2016-09-25-00-1,1.6
1,2016-09-25-00-2,1.0
1,2016-09-25-00-3,0.5
1,2016-09-25-00-4,1.9
1,2016-09-25-00-5,2.3
1,2016-09-25-01-0,2.4
1,2016-09-25-01-1,2.2
1,2016-09-25-01-2,1.3
1,2016-09-25-01-3,1.4
1,2016-09-25-01-4,1.4
1,2016-09-25-01-5,1.3
1,2016-09-25-02-0,1.0
1,2016-09-25-02-1,1.0
1,2016-09-25-02-2,0.8
1,2016-09-25-02-3,2.7
1,2016-09-25-02-4,2.1
1,2016-09-25-02-5,1.9
1,2016-09-25-03-0,1.3
1,2016-09-25-03-1,2.0
1,2016-09-25-03-2,2.0
1,2016-09-25-03-3,1.6
1,2016-09-25-03-4,1.4
1,2016-09-25-03-5,1.0
1,2016-09-25-04-0,1.0
1,2016-09-25-04-1,1.0
1,2016-09-25-04-2,1.0
1,2016-09-25-04-3,1.0
1,2016-09-25-04-4,1.1
1,2016-09-25-04-5,1.0
1,2016-09-25-05-0,1.1
1,2016-09-25-05-1,1.0
1,2016-09-25-05-2,1.3
1,2016-09-25-05-3,1.0
1,2016-09-25-05-4,1.8
1,2016-09-25-05-5,3.1
1,2016-09-25-06-0,2.7
1,2016-09-25-06-1,3.6
1,2016-09-25-06-2,6.7
1,2016-09-25-06-3,13.2
1,2016-09-25-06-4,18.5
1,2016-09-25-06-5,15.3
1,2016-09-25-07-0,16.0
1,2016-09-25-07-1,19.1
1,2016-09-25-07-2,18.6
1,2016-09-25-07-3,20.3
1,2016-09-25-07-4,26.3
1,2016-09-25-07-5,35.9
1,2016-09-25-08-0,37.7
1,2016-09-25-08-1,44.7
1,2016-09-25-08-2,41.2
1,2016-09-25-08-3,38.6
1,2016-09-25-08-4,34.4
1,2016-09-25-08-5,30.6
1,2016-09-25-09-0,17.6
1,2016-09-25-09-1,10.6
1,2016-09-25-09-2,4.9
1,2016-09-25-09-3,5.0
1,2016-09-25-09-4,6.7
1,2016-09-25-09-5,7.9
1,2016-09-25-10-0,13.5
1,2016-09-25-10-1,18.8
1,2016-09-25-10-2,23.8
1,2016-09-25-10-3,33.5
1,2016-09-25-10-4,41.2
1,2016-09-25-10-5,27.3
1,2016-09-25-11-0,15.5
1,2016-09-25-11-1,10.5
1,2016-09-25-11-2,3.6
1,2016-09-25-11-3,4.2
1,2016-09-25-11-4,2.8
1,2016-09-25-11-5,1.9
1,2016-09-25-12-0,2.5
1,2016-09-25-12-1,5.7
1,2016-09-25-12-2,7.1
1,2016-09-25-12-3,8.4
1,2016-09-25-12-4,8.4
1,2016-09-25-12-5,11.3
1,2016-09-25-13-0,13.8
1,2016-09-25-13-1,17.8
1,2016-09-25-13-2,18.6
1,2016-09-25-13-3,19.6
1,2016-09-25-13-4,14.2
1,2016-09-25-13-5,7.1
1,2016-09-25-14-0,7.8
1,2016-09-25-14-1,10.0
1,2016-09-25-14-2,11.1
1,2016-09-25-14-3,8.0
1,2016-09-25-14-4,10.9
1,2016-09-25-14-5,10.2
1,2016-09-25-15-0,11.80020046
1,2016-09-25-15-1,12.1633215
1,2016-09-25-15-2,12.1633215
1,2016-09-25-15-3,13.15877151
1,2016-09-25-15-4,13.13126278
1,2016-09-25-15-5,13.57129383
1,2016-09-25-16-0,13.51043606
1,2016-09-25-16-1,14.07302666
1,2016-09-25-16-2,14.13897324
1,2016-09-25-16-3,14.12755775
1,2016-09-25-16-4,13.80455971
1,2016-09-25-16-5,13.45436287
1,2016-09-25-17-0,13.08958817
1,2016-09-25-17-1,12.1633215
1,2016-09-25-17-2,11.40198135
1,2016-09-25-17-3,12.1633215
1,2016-09-25-17-4,12.86885262
1,2016-09-25-17-5,13.19925499
